Position,Const,Created,Modified,Description,Title,URL,Title Type,IMDb Rating,Runtime (mins),Year,Genres,Num Votes,Release Date,Directors,Your Rating,Date Rated
2,tt0420332,2012-12-21,2012-12-21,,Veer-Zaara,https://www.imdb.com/title/tt0420332/,movie,7.8,192,2004,"Drama, Family, Musical, Romance",48342,2004-11-12,Yash Chopra,10,2012-12-24
3,tt0347473,2012-12-21,2012-12-21,,Main Hoon Na,https://www.imdb.com/title/tt0347473/,movie,7.0,182,2004,"Action, Comedy, Drama, Musical, Romance, Thriller",31844,2004-04-30,Farah Khan,10,2019-08-03
4,tt0213890,2012-12-21,2012-12-21,,Mohabbatein,https://www.imdb.com/title/tt0213890/,movie,7.1,216,2000,"Musical, Drama, Romance",26885,2000-10-27,Aditya Chopra,10,2019-08-03
5,tt0126871,2012-12-21,2012-12-21,,Deewana,https://www.imdb.com/title/tt0126871/,movie,6.9,185,1992,"Action, Comedy, Crime, Musical, Romance",6039,1992-06-25,Raj Kanwar,,
6,tt0110222,2012-12-21,2012-12-21,,Kabhi Haan Kabhi Naa,https://www.imdb.com/title/tt0110222/,movie,7.8,158,1994,"Comedy, Drama, Music, Musical, Romance",17103,1994-02-25,Kundan Shah,,
7,tt0106333,2012-12-21,2012-12-21,,Baazigar,https://www.imdb.com/title/tt0106333/,movie,7.7,175,1993,"Crime, Drama, Musical, Romance, Thriller",25580,1993-11-12,"Abbas Alibhai Burmawalla, Mastan Alibhai Burmawalla",,
8,tt0109555,2012-12-21,2012-12-21,,Darr,https://www.imdb.com/title/tt0109555/,movie,7.8,178,1993,"Action, Drama, Romance, Thriller",21932,1993-12-24,Yash Chopra,,
9,tt0109134,2012-12-21,2012-12-21,,Anjaam,https://www.imdb.com/title/tt0109134/,movie,6.9,170,1994,"Drama, Thriller",5882,1994-04-22,Rahul Rawail,,
10,tt0113526,2012-12-21,2012-12-21,,Karan Arjun,https://www.imdb.com/title/tt0113526/,movie,6.8,175,1995,"Action, Drama, Fantasy, Romance",12688,1995-01-13,Rakesh Roshan,,
11,tt0112870,2012-12-21,2012-12-21,,Dilwale Dulhania Le Jayenge,https://www.imdb.com/title/tt0112870/,movie,8.1,189,1995,"Drama, Romance",62664,1995-10-19,Aditya Chopra,10,2013-11-30
12,tt0115568,2012-12-21,2012-12-21,,Army,https://www.imdb.com/title/tt0115568/,movie,4.3,153,1996,"Action, Drama",1559,1996-06-28,Raam Shetty,,
13,tt0136352,2012-12-21,2012-12-21,,Koyla,https://www.imdb.com/title/tt0136352/,movie,6.2,166,1997,"Action, Drama, Musical, Romance, Thriller",8146,1997-04-07,Rakesh Roshan,,
14,tt0120540,2012-12-21,2012-12-21,,Yes Boss,https://www.imdb.com/title/tt0120540/,movie,6.8,163,1997,"Comedy, Drama, Musical, Romance",12378,1997-07-18,Aziz Mirza,,
15,tt0118983,2012-12-21,2012-12-21,,Dil To Pagal Hai,https://www.imdb.com/title/tt0118983/,movie,7.0,180,1997,"Comedy, Drama, Musical, Romance",20455,1997-10-30,Yash Chopra,,
16,tt0119861,2012-12-21,2012-12-21,,Pardes,https://www.imdb.com/title/tt0119861/,movie,7.0,191,1997,"Drama, Musical, Romance",13568,1997-12-08,Subhash Ghai,,
17,tt0164550,2012-12-21,2012-12-21,,Duplicate,https://www.imdb.com/title/tt0164550/,movie,5.5,164,1998,"Action, Comedy, Crime, Thriller",6937,1998-05-08,Mahesh Bhatt,,
18,tt0164538,2012-12-21,2012-12-21,,Dil Se..,https://www.imdb.com/title/tt0164538/,movie,7.6,144,1998,"Drama, Romance",26449,1998-08-21,Mani Ratnam,,
19,tt0172684,2012-12-21,2012-12-21,,Kuch Kuch Hota Hai,https://www.imdb.com/title/tt0172684/,movie,7.6,177,1998,"Comedy, Drama, Musical, Romance",47324,1998-10-16,Karan Johar,,
20,tt0211934,2012-12-21,2012-12-21,,Baadshah,https://www.imdb.com/title/tt0211934/,movie,6.9,175,1999,"Action, Comedy, Crime, Romance, Thriller",16611,1999-08-27,"Abbas Alibhai Burmawalla, Mastan Alibhai Burmawalla",,
21,tt0222270,2012-12-21,2012-12-21,,Phir Bhi Dil Hai Hindustani,https://www.imdb.com/title/tt0222270/,movie,6.2,160,2000,"Comedy, Drama, Musical, Romance",6781,2000-01-21,Aziz Mirza,,
22,tt0151150,2012-12-21,2012-12-21,,Josh,https://www.imdb.com/title/tt0151150/,movie,6.1,162,2000,"Action, Drama, Musical, Romance",9338,2000-06-09,"Dilip Mestry, Mansoor Khan",,
23,tt0227194,2012-12-21,2012-12-21,,One 2 Ka 4,https://www.imdb.com/title/tt0227194/,movie,5.4,169,2001,"Action, Comedy, Crime, Drama, Thriller",4727,2001-03-30,Shashilal K. Nair,,
24,tt0249371,2012-12-21,2012-12-21,,Asoka,https://www.imdb.com/title/tt0249371/,movie,6.5,180,2001,"Action, Biography, Drama, History, Romance, War",13121,2001-09-13,Santosh Sivan,,
25,tt0248126,2012-12-21,2012-12-21,,Kabhi Khushi Kabhie Gham...,https://www.imdb.com/title/tt0248126/,movie,7.4,210,2001,"Drama, Musical, Romance",44354,2001-12-14,Karan Johar,,
26,tt0238936,2012-12-21,2012-12-21,,Devdas,https://www.imdb.com/title/tt0238936/,movie,7.6,185,2002,"Drama, Musical, Romance",37884,2002-05-23,Sanjay Leela Bhansali,,
27,tt0222024,2012-12-21,2012-12-21,,Hum Tumhare Hain Sanam,https://www.imdb.com/title/tt0222024/,movie,5.4,174,2002,"Drama, Romance",6370,2002-05-24,K.S. Adiyaman,,
28,tt0331639,2012-12-21,2012-12-21,,Shakthi: The Power,https://www.imdb.com/title/tt0331639/,movie,6.0,170,2002,"Action, Drama",4550,2002-09-20,Krishna Vamsi,,
29,tt0346723,2012-12-21,2012-12-21,,Chalte Chalte,https://www.imdb.com/title/tt0346723/,movie,6.6,167,2003,"Drama, Romance",14349,2003-06-12,Aziz Mirza,,
30,tt0347304,2012-12-21,2012-12-21,,Kal Ho Naa Ho,https://www.imdb.com/title/tt0347304/,movie,8.0,186,2003,"Comedy, Drama, Musical, Romance",62598,2003-11-27,Nikkhil Advani,10,2012-12-24
31,tt0367110,2012-12-21,2012-12-21,,"Swades: We, the People",https://www.imdb.com/title/tt0367110/,movie,8.2,210,2004,Drama,82058,2004-12-17,Ashutosh Gowariker,,
32,tt0415908,2012-12-21,2012-12-21,,Kaal,https://www.imdb.com/title/tt0415908/,movie,4.6,126,2005,"Adventure, Horror, Mystery, Sci-Fi, Thriller",4847,2005-04-29,Soham Shah,,
33,tt0451850,2012-12-21,2012-12-21,,Paheli,https://www.imdb.com/title/tt0451850/,movie,6.5,140,2005,"Comedy, Drama, Fantasy, Musical, Romance",12385,2005-06-22,Amol Palekar,,
34,tt0449999,2012-12-21,2012-12-21,,Kabhi Alvida Naa Kehna,https://www.imdb.com/title/tt0449999/,movie,6.1,193,2006,"Drama, Romance",18064,2006-08-11,Karan Johar,10,2006-05-22
35,tt0857381,2012-12-21,2012-12-21,,I See You,https://www.imdb.com/title/tt0857381/,movie,4.1,122,2006,"Comedy, Drama, Fantasy, Romance",1104,2006-12-29,Vivek b Agrawal,,
36,tt0871510,2012-12-21,2012-12-21,,Chak De! India,https://www.imdb.com/title/tt0871510/,movie,8.2,153,2007,"Drama, Family, Sport",73053,2007-08-10,Shimit Amin,10,2007-11-13
37,tt1024943,2012-12-21,2012-12-21,,Om Shanti Om,https://www.imdb.com/title/tt1024943/,movie,6.7,162,2007,"Action, Comedy, Drama, Musical, Romance, Thriller",38395,2007-11-07,Farah Khan,10,2007-11-13
38,tt0991346,2012-12-21,2012-12-21,,Bhoothnath,https://www.imdb.com/title/tt0991346/,movie,6.3,150,2008,"Comedy, Drama, Family, Fantasy",7947,2008-05-09,Vivek Sharma,,
39,tt1105733,2012-12-21,2012-12-21,,Kismat Konnection,https://www.imdb.com/title/tt1105733/,movie,5.2,153,2008,"Comedy, Drama, Romance",5187,2008-07-18,Aziz Mirza,,
40,tt1182937,2012-12-21,2012-12-21,,Rab Ne Bana Di Jodi,https://www.imdb.com/title/tt1182937/,movie,7.2,167,2008,"Comedy, Drama, Music, Romance",43275,2008-12-11,Aditya Chopra,,
41,tt1230448,2012-12-21,2012-12-21,,Billu,https://www.imdb.com/title/tt1230448/,movie,6.2,137,2009,"Comedy, Drama",10527,2009-02-12,Priyadarshan,,
42,tt1182884,2012-12-21,2012-12-21,,Dulha Mil Gaya,https://www.imdb.com/title/tt1182884/,movie,4.2,152,2010,"Comedy, Drama, Romance",2426,2010-01-08,Mudassar Aziz,,
43,tt1188996,2012-12-21,2012-12-21,,My Name Is Khan,https://www.imdb.com/title/tt1188996/,movie,8.0,165,2010,Drama,97436,2010-02-11,Karan Johar,,
44,tt1562871,2012-12-21,2012-12-21,,Ra.One,https://www.imdb.com/title/tt1562871/,movie,4.7,156,2011,"Action, Adventure, Sci-Fi",37809,2011-10-24,Anubhav Sinha,,
45,tt1285241,2012-12-21,2012-12-21,,Don 2,https://www.imdb.com/title/tt1285241/,movie,7.1,148,2011,"Action, Crime, Thriller",48959,2011-12-22,Farhan Akhtar,10,2019-08-03
46,tt2176013,2012-12-21,2012-12-21,,Jab Tak Hai Jaan,https://www.imdb.com/title/tt2176013/,movie,6.7,198,2012,"Drama, Romance",50751,2012-11-13,Yash Chopra,10,2012-11-16
47,tt0255305,2012-12-24,2012-12-24,,Khiladi 420,https://www.imdb.com/title/tt0255305/,movie,5.3,157,2000,"Action, Romance, Thriller",1699,2000-12-29,Neeraj Vora,,
48,tt0278291,2012-12-24,2012-12-24,,Ajnabee,https://www.imdb.com/title/tt0278291/,movie,6.4,165,2001,"Action, Crime, Drama, Mystery, Thriller",7942,2001-09-21,"Abbas Alibhai Burmawalla, Mastan Alibhai Burmawalla",,
49,tt0319020,2012-12-24,2012-12-24,,Awara Paagal Deewana,https://www.imdb.com/title/tt0319020/,movie,6.2,158,2002,"Action, Comedy, Crime, Drama, Thriller",7462,2002-06-20,Vikram Bhatt,,
50,tt0347332,2012-12-24,2012-12-24,,Khakee,https://www.imdb.com/title/tt0347332/,movie,7.4,174,2004,"Action, Crime, Drama, Thriller",14857,2004-01-23,Rajkumar Santoshi,,
51,tt0418362,2012-12-24,2012-12-24,,Mujhse Shaadi Karogi,https://www.imdb.com/title/tt0418362/,movie,6.7,163,2004,"Comedy, Drama, Musical, Romance",13515,2004-07-30,David Dhawan,,
52,tt0418460,2012-12-24,2012-12-24,,Aitraaz,https://www.imdb.com/title/tt0418460/,movie,6.6,160,2004,"Drama, Romance, Thriller",9481,2004-11-12,"Abbas Alibhai Burmawalla, Mastan Alibhai Burmawalla",,
53,tt0390614,2012-12-24,2012-12-24,,Waqt: The Race Against Time,https://www.imdb.com/title/tt0390614/,movie,6.8,153,2005,"Comedy, Drama, Family, Musical, Romance",9317,2005-04-20,Vipul Amrutlal Shah,,
54,tt0453671,2012-12-24,2012-12-24,,Garam Masala,https://www.imdb.com/title/tt0453671/,movie,6.7,146,2005,"Comedy, Romance",13705,2005-11-02,Priyadarshan,,
55,tt0444781,2012-12-24,2012-12-24,,Deewane Huye Paagal,https://www.imdb.com/title/tt0444781/,movie,5.3,158,2005,"Action, Comedy, Drama, Romance",4433,2005-11-25,Vikram Bhatt,,
56,tt0449228,2012-12-24,2012-12-24,,Dosti: Friends Forever,https://www.imdb.com/title/tt0449228/,movie,5.5,136,2005,"Drama, Romance",2399,2005-12-23,Suneel Darshan,,
57,tt0437182,2012-12-24,2012-12-24,,Family: Ties of Blood,https://www.imdb.com/title/tt0437182/,movie,5.6,150,2006,"Action, Crime, Drama, Thriller",1824,2006-01-11,Rajkumar Santoshi,,
58,tt0444840,2012-12-24,2012-12-24,,Humko Deewana Kar Gaye,https://www.imdb.com/title/tt0444840/,movie,5.2,155,2006,"Drama, Romance",3884,2006-04-13,Raj Kanwar,,
59,tt0419058,2012-12-24,2012-12-24,,Phir Hera Pheri,https://www.imdb.com/title/tt0419058/,movie,6.9,153,2006,"Comedy, Crime",17334,2006-06-09,Neeraj Vora,,
60,tt0456481,2012-12-24,2012-12-24,,Jaan-E-Mann: Let's Fall in Love... Again,https://www.imdb.com/title/tt0456481/,movie,6.0,165,2006,"Comedy, Drama, Musical, Romance",7916,2006-10-20,Shirish Kunder,,
61,tt0805184,2012-12-24,2012-12-24,,Bhagam Bhag,https://www.imdb.com/title/tt0805184/,movie,6.4,157,2006,"Comedy, Mystery, Thriller",10755,2006-12-22,Priyadarshan,,
62,tt0795434,2012-12-24,2012-12-24,,Namastey London,https://www.imdb.com/title/tt0795434/,movie,7.1,128,2007,"Comedy, Drama, Romance",20457,2007-03-23,Vipul Amrutlal Shah,,
63,tt0806088,2012-12-24,2012-12-24,,Heyy Babyy,https://www.imdb.com/title/tt0806088/,movie,6.0,144,2007,"Comedy, Drama",13111,2007-08-24,Sajid Khan,,
64,tt0995031,2012-12-24,2012-12-24,,Bhool Bhulaiyaa,https://www.imdb.com/title/tt0995031/,movie,7.3,159,2007,"Comedy, Horror, Mystery, Thriller",21437,2007-10-12,Priyadarshan,,
65,tt0488798,2012-12-24,2012-12-24,,Welcome,https://www.imdb.com/title/tt0488798/,movie,6.9,159,2007,"Comedy, Romance",18079,2007-12-20,Anees Bazmee,,
66,tt0995752,2012-12-24,2012-12-24,,Tashan,https://www.imdb.com/title/tt0995752/,movie,3.8,120,2008,"Action, Drama, Romance",4849,2008-04-24,Vijay Krishna Acharya,,
67,tt1146325,2012-12-24,2012-12-24,,Singh Is Kinng,https://www.imdb.com/title/tt1146325/,movie,5.7,135,2008,"Action, Comedy, Crime, Drama, Romance",14108,2008-08-07,Anees Bazmee,,
68,tt1091229,2012-12-24,2012-12-24,,Chandni Chowk to China,https://www.imdb.com/title/tt1091229/,movie,4.0,154,2009,"Action, Comedy",7770,2009-01-15,Nikkhil Advani,,
69,tt1144804,2012-12-24,2012-12-24,,Kambakkht Ishq,https://www.imdb.com/title/tt1144804/,movie,3.9,142,2009,"Action, Comedy, Romance",6547,2009-07-03,Sabir Khan,,
70,tt1255951,2012-12-24,2012-12-24,,De Dana Dan,https://www.imdb.com/title/tt1255951/,movie,5.4,162,2009,"Comedy, Crime",7210,2009-11-27,Priyadarshan,,
71,tt1573072,2012-12-24,2012-12-24,,Housefull,https://www.imdb.com/title/tt1573072/,movie,5.4,144,2010,Comedy,12567,2010-04-30,Sajid Khan,,
72,tt1535467,2012-12-24,2012-12-24,,Patiala House,https://www.imdb.com/title/tt1535467/,movie,5.6,140,2011,"Drama, Sport",8609,2011-02-10,Nikkhil Advani,,
73,tt1985981,2012-12-24,2012-12-24,,Desi Boyz,https://www.imdb.com/title/tt1985981/,movie,5.7,122,2011,"Comedy, Drama",12789,2011-11-24,Rohit Dhawan,,
74,tt2077833,2012-12-24,2012-12-24,,Rowdy Rathore,https://www.imdb.com/title/tt2077833/,movie,5.7,140,2012,"Action, Comedy",20291,2012-05-31,Prabhu Deva,,
75,tt2283748,2012-12-24,2012-12-24,,OMG: Oh My God!,https://www.imdb.com/title/tt2283748/,movie,8.1,125,2012,"Comedy, Drama, Fantasy",50639,2012-09-28,Umesh Shukla,,
76,tt0110076,2012-12-24,2012-12-24,,Hum Aapke Hain Koun...!,https://www.imdb.com/title/tt0110076/,movie,7.5,206,1994,"Comedy, Drama, Musical, Romance",18557,1994-08-05,Sooraj R. Barjatya,,
77,tt0207341,2012-12-24,2012-12-24,,Biwi No. 1,https://www.imdb.com/title/tt0207341/,movie,5.6,159,1999,"Comedy, Drama, Romance",4650,1999-05-28,David Dhawan,,
78,tt0150992,2012-12-24,2012-12-24,,Hum Dil De Chuke Sanam,https://www.imdb.com/title/tt0150992/,movie,7.5,188,1999,"Drama, Musical, Romance",16788,1999-06-18,Sanjay Leela Bhansali,,
79,tt0233856,2012-12-24,2012-12-24,,Hello Brother,https://www.imdb.com/title/tt0233856/,movie,4.8,139,1999,"Action, Comedy, Fantasy, Romance",3757,1999-09-10,Sohail Khan,,
80,tt0216817,2012-12-24,2012-12-24,,Hum Saath-Saath Hain: We Stand United,https://www.imdb.com/title/tt0216817/,movie,6.2,177,1999,"Drama, Family, Musical, Romance",6615,1999-11-05,Sooraj R. Barjatya,,
81,tt0247992,2012-12-24,2012-12-24,,Dulhan Hum Le Jayenge,https://www.imdb.com/title/tt0247992/,movie,5.0,158,2000,"Comedy, Drama, Romance",2926,2000-01-15,David Dhawan,,
82,tt0245825,2012-12-24,2012-12-24,,Chal Mere Bhai,https://www.imdb.com/title/tt0245825/,movie,4.7,136,2000,"Comedy, Romance",2855,2000-05-05,David Dhawan,,
83,tt0256692,2012-12-24,2012-12-24,,Chori Chori Chupke Chupke,https://www.imdb.com/title/tt0256692/,movie,5.4,160,2001,"Drama, Musical, Romance",4199,2001-03-09,"Abbas Alibhai Burmawalla, Mastan Alibhai Burmawalla",,
84,tt0328671,2012-12-24,2012-12-24,,Yeh Hai Jalwa,https://www.imdb.com/title/tt0328671/,movie,4.7,165,2002,"Comedy, Drama, Romance",2188,2002-07-03,David Dhawan,,
85,tt0374271,2012-12-24,2012-12-24,,Tere Naam,https://www.imdb.com/title/tt0374271/,movie,7.1,132,2003,"Action, Drama, Romance",16103,2003-08-15,Satish Kaushik,,
86,tt0337578,2012-12-24,2012-12-24,,Baghban,https://www.imdb.com/title/tt0337578/,movie,7.4,181,2003,"Drama, Romance",15022,2003-10-02,Ravi Chopra,,
87,tt0422950,2012-12-24,2012-12-24,,Phir Milenge,https://www.imdb.com/title/tt0422950/,movie,6.0,142,2004,Drama,1689,2004-08-13,Revathi,,
88,tt0449306,2012-12-24,2012-12-24,,Lucky: No Time for Love,https://www.imdb.com/title/tt0449306/,movie,4.7,180,2005,"Musical, Drama, Romance",3202,2005-04-06,"Vinay Sapru, Radhika Rao",,
89,tt0451803,2012-12-24,2012-12-24,,Maine Pyaar Kyun Kiya,https://www.imdb.com/title/tt0451803/,movie,5.5,145,2005,"Comedy, Drama, Romance",4525,2005-07-15,David Dhawan,,
90,tt0451833,2012-12-24,2012-12-24,,No Entry,https://www.imdb.com/title/tt0451833/,movie,6.6,158,2005,"Comedy, Drama, Musical, Romance",10557,2005-08-26,Anees Bazmee,,
91,tt0451787,2012-12-24,2012-12-24,,Kyon Ki...,https://www.imdb.com/title/tt0451787/,movie,5.5,160,2005,"Drama, Romance",3537,2005-11-03,Priyadarshan,,
92,tt0419468,2012-12-24,2012-12-24,,Baabul,https://www.imdb.com/title/tt0419468/,movie,5.4,169,2006,"Drama, Family, Romance",3025,2006-12-08,Ravi Chopra,,
93,tt0807758,2012-12-24,2012-12-24,,Partner,https://www.imdb.com/title/tt0807758/,movie,5.7,155,2007,"Comedy, Drama, Romance",11064,2007-07-20,David Dhawan,,
94,tt0476550,2012-12-24,2012-12-24,,God Tussi Great Ho,https://www.imdb.com/title/tt0476550/,movie,3.6,152,2008,"Comedy, Drama, Fantasy",3665,2008-08-15,Rumi Jaffery,,
95,tt1729637,2012-12-24,2012-12-24,,Bodyguard,https://www.imdb.com/title/tt1729637/,movie,4.6,130,2011,"Action, Comedy, Drama, Romance",21936,2011-08-30,Siddique,,
96,tt2016894,2012-12-24,2012-12-24,,Ek Tha Tiger,https://www.imdb.com/title/tt2016894/,movie,5.5,132,2012,"Action, Romance, Thriller",28602,2012-08-15,Kabir Khan,,
97,tt0248185,2012-12-24,2012-12-24,,Mission Kashmir,https://www.imdb.com/title/tt0248185/,movie,6.7,154,2000,"Action, Drama, Thriller",6329,2000-10-26,Vidhu Vinod Chopra,,
98,tt0294662,2012-12-24,2012-12-24,,Kaante,https://www.imdb.com/title/tt0294662/,movie,6.6,150,2002,"Action, Crime, Drama, Thriller",4560,2002-12-20,Sanjay Gupta,,
99,tt0354538,2012-12-24,2012-12-24,,Ek Aur Ek Gyarah: By Hook or by Crook,https://www.imdb.com/title/tt0354538/,movie,5.2,144,2003,"Action, Comedy, Crime, Musical",1811,2003-03-28,David Dhawan,,
100,tt0347416,2012-12-24,2012-12-24,,LOC: Kargil,https://www.imdb.com/title/tt0347416/,movie,5.2,255,2003,"Drama, History, War",2488,2003-12-12,J.P. Dutta,,
101,tt0374887,2012-12-24,2012-12-24,,Munna Bhai M.B.B.S.,https://www.imdb.com/title/tt0374887/,movie,8.1,156,2003,"Comedy, Drama, Musical",72827,2003-12-19,Rajkumar Hirani,,
102,tt0364604,2012-12-24,2012-12-24,,Plan,https://www.imdb.com/title/tt0364604/,movie,4.2,149,2004,"Action, Comedy, Crime, Drama, Thriller",814,2004-01-09,Hriday Shetty,,
103,tt0415768,2012-12-24,2012-12-24,,Dus,https://www.imdb.com/title/tt0415768/,movie,5.5,152,2005,"Action, Crime, Drama, Thriller",3093,2005-07-08,Anubhav Sinha,,
104,tt0449389,2012-12-24,2012-12-24,,Shaadi No. 1,https://www.imdb.com/title/tt0449389/,movie,3.5,129,2005,Comedy,856,2005-11-03,David Dhawan,,
105,tt0475645,2012-12-24,2012-12-24,,Vaah! Life Ho Toh Aisi!,https://www.imdb.com/title/tt0475645/,movie,4.5,153,2005,"Comedy, Drama, Family, Fantasy, Musical",2152,2005-12-23,Mahesh Manjrekar,,
106,tt0476884,2012-12-24,2012-12-24,,Taxi No. 9 2 11: Nau Do Gyarah,https://www.imdb.com/title/tt0476884/,movie,7.2,116,2006,"Comedy, Drama, Thriller",9085,2006-02-24,Milan Luthria,,
107,tt0456144,2012-12-24,2012-12-24,,Lage Raho Munna Bhai,https://www.imdb.com/title/tt0456144/,movie,8.1,144,2006,"Comedy, Drama, Romance",42434,2006-09-01,Rajkumar Hirani,,
108,tt0845448,2012-12-24,2012-12-24,,Dhamaal,https://www.imdb.com/title/tt0845448/,movie,7.3,136,2007,"Action, Adventure, Comedy",12931,2007-09-07,Indra Kumar,,
109,tt1849718,2012-12-24,2012-12-24,,Agneepath,https://www.imdb.com/title/tt1849718/,movie,6.9,174,2012,"Action, Drama",22088,2012-01-25,Karan Malhotra,,
110,tt0362771,2012-12-24,2012-12-24,,Ishq Vishk,https://www.imdb.com/title/tt0362771/,movie,6.0,134,2003,"Comedy, Romance",3831,2003-04-10,Ken Ghosh,,
111,tt0328729,2012-12-24,2012-12-24,,Dil Maange More!!!,https://www.imdb.com/title/tt0328729/,movie,5.1,123,2004,"Family, Musical, Romance",1755,2004-12-31,Ananth Narayan Mahadevan,,
112,tt0475627,2012-12-24,2012-12-24,,Shikhar,https://www.imdb.com/title/tt0475627/,movie,4.9,162,2005,Drama,1046,2005-12-30,John Mathew Matthan,,
113,tt0477252,2012-12-24,2012-12-24,,36 China Town,https://www.imdb.com/title/tt0477252/,movie,5.7,140,2006,"Comedy, Mystery, Thriller",4199,2006-04-21,"Abbas Alibhai Burmawalla, Mastan Alibhai Burmawalla",,
114,tt0464160,2012-12-24,2012-12-24,,Chup Chup Ke,https://www.imdb.com/title/tt0464160/,movie,6.8,164,2006,"Comedy, Drama, Romance",8358,2006-06-09,"Kookie Gulati, Priyadarshan",,
115,tt0494290,2012-12-24,2012-12-24,,Vivah,https://www.imdb.com/title/tt0494290/,movie,6.6,160,2006,"Drama, Family, Musical, Romance",8883,2006-11-10,Sooraj R. Barjatya,,
116,tt1093370,2012-12-24,2012-12-24,,Jab We Met,https://www.imdb.com/title/tt1093370/,movie,7.9,138,2007,"Comedy, Drama, Romance",47018,2007-10-26,Imtiaz Ali,,
117,tt1202540,2012-12-24,2012-12-24,,Dil Bole Hadippa!,https://www.imdb.com/title/tt1202540/,movie,4.5,148,2009,"Comedy, Drama, Sport",3767,2009-09-13,Anurag Singh,,
118,tt0234000,2012-12-24,2012-12-24,,Kaho Naa... Pyaar Hai,https://www.imdb.com/title/tt0234000/,movie,6.9,172,2000,"Musical, Romance, Thriller",13569,2000-01-14,Rakesh Roshan,,
119,tt0248012,2012-12-24,2012-12-24,,Fiza,https://www.imdb.com/title/tt0248012/,movie,6.1,170,2000,"Action, Crime, Drama, Romance",3785,2000-09-08,Khalid Mohamed,,
120,tt0247911,2012-12-24,2012-12-24,,Aap Mujhe Achche Lagne Lage,https://www.imdb.com/title/tt0247911/,movie,3.1,180,2002,"Action, Drama, Romance",2276,2002-04-19,Vikram Bhatt,,
121,tt0248216,2012-12-24,2012-12-24,,Na Tum Jaano Na Hum,https://www.imdb.com/title/tt0248216/,movie,5.0,158,2002,"Comedy, Drama, Musical, Romance",2697,2002-05-10,Arjun Sablok,,
122,tt0272736,2012-12-24,2012-12-24,,Mujhse Dosti Karoge!,https://www.imdb.com/title/tt0272736/,movie,5.1,149,2002,"Musical, Romance, Drama, Family",5008,2002-08-08,Kunal Kohli,,
123,tt0265148,2012-12-24,2012-12-24,,Main Prem Ki Diwani Hoon,https://www.imdb.com/title/tt0265148/,movie,3.9,197,2003,"Comedy, Drama, Musical, Romance",4231,2003-06-27,Sooraj R. Barjatya,,
124,tt0254481,2012-12-24,2012-12-24,,Koi... Mil Gaya,https://www.imdb.com/title/tt0254481/,movie,7.1,171,2003,"Action, Drama, Romance, Sci-Fi",20903,2003-08-08,Rakesh Roshan,,
125,tt0323013,2012-12-24,2012-12-24,,Lakshya,https://www.imdb.com/title/tt0323013/,movie,7.9,186,2004,"Action, Drama, Romance, War",20356,2004-06-18,Farhan Akhtar,,
126,tt0432637,2012-12-24,2012-12-24,,Krrish,https://www.imdb.com/title/tt0432637/,movie,6.4,185,2006,"Action, Sci-Fi",18043,2006-06-23,Rakesh Roshan,,
127,tt0441048,2012-12-24,2012-12-24,,Dhoom:2,https://www.imdb.com/title/tt0441048/,movie,6.5,152,2006,"Action, Crime, Thriller",23499,2006-11-23,Sanjay Gadhvi,,
128,tt1198101,2012-12-24,2012-12-24,,Kites,https://www.imdb.com/title/tt1198101/,movie,6.1,123,2010,"Action, Drama, Romance, Thriller",12231,2010-05-21,Anurag Basu,,
129,tt1438298,2012-12-24,2012-12-24,,Guzaarish,https://www.imdb.com/title/tt1438298/,movie,7.4,126,2010,Drama,17059,2010-11-16,Sanjay Leela Bhansali,,
130,tt1562872,2012-12-24,2012-12-24,,Zindagi Na Milegi Dobara,https://www.imdb.com/title/tt1562872/,movie,8.1,155,2011,"Comedy, Drama",66591,2011-07-15,Zoya Akhtar,,
131,tt0292490,2012-12-24,2012-12-24,,Dil Chahta Hai,https://www.imdb.com/title/tt0292490/,movie,8.1,183,2001,"Comedy, Drama, Romance",65996,2001-08-10,Farhan Akhtar,,
132,tt0378072,2012-12-24,2012-12-24,,Hum Tum,https://www.imdb.com/title/tt0378072/,movie,7.0,143,2004,"Comedy, Drama, Romance",13096,2004-05-28,Kunal Kohli,,
133,tt0456165,2012-12-24,2012-12-24,,Salaam Namaste,https://www.imdb.com/title/tt0456165/,movie,6.2,158,2005,"Comedy, Drama, Romance",6743,2005-09-09,Siddharth Anand,,
134,tt0833553,2012-12-24,2012-12-24,,Ta Ra Rum Pum,https://www.imdb.com/title/tt0833553/,movie,5.6,153,2007,"Family, Romance, Sport",4208,2007-04-27,Siddharth Anand,,
135,tt1017456,2012-12-24,2012-12-24,,Race,https://www.imdb.com/title/tt1017456/,movie,6.7,149,2008,"Action, Crime, Drama, Thriller",12834,2008-03-20,"Abbas Alibhai Burmawalla, Mastan Alibhai Burmawalla",,
136,tt1275863,2012-12-24,2012-12-24,,Love Aaj Kal,https://www.imdb.com/title/tt1275863/,movie,6.8,128,2009,"Comedy, Drama, Romance",14733,2009-07-31,Imtiaz Ali,,
137,tt0331851,2012-12-24,2012-12-24,,Armaan,https://www.imdb.com/title/tt0331851/,movie,5.2,158,2003,"Drama, Family, Romance",1076,2003-05-16,Honey Irani,,
138,tt0833476,2012-12-24,2012-12-24,,Jhoom Barabar Jhoom,https://www.imdb.com/title/tt0833476/,movie,3.7,138,2007,"Drama, Romance",2981,2007-06-15,Shaad Ali,,
139,tt0169102,2012-12-24,2012-12-24,,Lagaan: Once Upon a Time in India,https://www.imdb.com/title/tt0169102/,movie,8.1,224,2001,"Adventure, Drama, Musical, Sport",103630,2001-06-15,Ashutosh Gowariker,,
140,tt0405508,2012-12-24,2012-12-24,,Rang De Basanti,https://www.imdb.com/title/tt0405508/,movie,8.2,167,2006,"Comedy, Drama",110310,2006-01-26,Rakeysh Omprakash Mehra,,
141,tt0439662,2012-12-24,2012-12-24,,Fanaa,https://www.imdb.com/title/tt0439662/,movie,7.2,168,2006,"Drama, Romance",30548,2006-05-26,Kunal Kohli,,
142,tt1166100,2012-12-24,2012-12-24,,Ghajini,https://www.imdb.com/title/tt1166100/,movie,7.3,186,2008,"Action, Drama, Mystery, Thriller",55735,2008-12-24,A.R. Murugadoss,,
143,tt1187043,2012-12-24,2012-12-24,,3 Idiots,https://www.imdb.com/title/tt1187043/,movie,8.4,170,2009,"Comedy, Drama",337500,2009-12-23,Rajkumar Hirani,,
144,tt0369637,2012-12-24,2012-12-24,,Kuch Naa Kaho,https://www.imdb.com/title/tt0369637/,movie,5.4,169,2003,"Drama, Romance",2181,2003-08-26,Rohan Sippy,,
145,tt0422091,2012-12-24,2012-12-24,,Dhoom,https://www.imdb.com/title/tt0422091/,movie,6.7,129,2004,"Action, Thriller",17960,2004-08-27,Sanjay Gadhvi,,
146,tt0448206,2012-12-24,2012-12-24,,Bunty Aur Babli,https://www.imdb.com/title/tt0448206/,movie,6.2,170,2005,"Comedy, Drama, Romance",6284,2005-05-27,Shaad Ali,,
147,tt0476527,2012-12-24,2012-12-24,,Bluffmaster!,https://www.imdb.com/title/tt0476527/,movie,6.6,137,2005,"Comedy, Crime, Drama, Romance, Thriller",5693,2005-12-16,Rohan Sippy,,
148,tt1185420,2012-12-24,2012-12-24,,Dostana,https://www.imdb.com/title/tt1185420/,movie,6.5,145,2008,"Comedy, Drama, Romance",13666,2008-11-13,Tarun Mansukhani,,
149,tt0349703,2012-12-24,2012-12-24,,Kyun! Ho Gaya Na...,https://www.imdb.com/title/tt0349703/,movie,4.2,165,2004,"Comedy, Drama, Romance",1688,2004-08-13,Samir Karnik,,
150,tt0453978,2012-12-24,2012-12-24,,Yakeen,https://www.imdb.com/title/tt0453978/,movie,5.1,116,2005,"Drama, Thriller",682,2005-07-01,Girish Dhamija,,
151,tt0485272,2012-12-24,2012-12-24,,Salaam-E-Ishq,https://www.imdb.com/title/tt0485272/,movie,5.1,216,2007,"Comedy, Drama, Musical, Romance",5119,2007-01-25,Nikkhil Advani,,
152,tt0073707,2012-12-24,2012-12-24,,Sholay,https://www.imdb.com/title/tt0073707/,movie,8.2,204,1975,"Action, Adventure, Comedy, Drama, Musical, Thriller, Western",50691,1975-08-15,Ramesh Sippy,,
153,tt0322653,2012-12-24,2012-12-24,,Mere Yaar Ki Shaadi Hai,https://www.imdb.com/title/tt0322653/,movie,5.3,158,2002,"Comedy, Drama, Romance",2046,2002-06-07,Sanjay Gadhvi,,
154,tt1252596,2012-12-24,2012-12-24,,Ajab Prem Ki Ghazab Kahani,https://www.imdb.com/title/tt1252596/,movie,6.3,150,2009,"Action, Comedy, Romance",12440,2009-11-06,Rajkumar Santoshi,,
155,tt1182972,2012-12-24,2012-12-24,,Bachna Ae Haseeno,https://www.imdb.com/title/tt1182972/,movie,6.2,152,2008,"Comedy, Drama, Romance",10252,2008-08-14,Siddharth Anand,,
156,tt2172071,2013-01-02,2013-01-02,,Student of the Year,https://www.imdb.com/title/tt2172071/,movie,5.3,146,2012,"Comedy, Drama, Romance",14983,2012-10-19,Karan Johar,,
157,tt0263491,2013-01-02,2013-01-02,,Jis Desh Mein Ganga Rehta Hain,https://www.imdb.com/title/tt0263491/,movie,4.9,141,2000,"Comedy, Crime, Drama, Musical, Romance",1130,2000-10-13,Mahesh Manjrekar,,
158,tt0347278,2013-01-02,2013-01-02,,Jhankaar Beats,https://www.imdb.com/title/tt0347278/,movie,7.2,143,2003,"Comedy, Music, Romance",1918,2003-06-20,Sujoy Ghosh,,
159,tt0385982,2013-01-02,2013-01-02,,Raja Bhaiya,https://www.imdb.com/title/tt0385982/,movie,3.7,127,2003,"Comedy, Drama",202,2003-10-24,Raman Kumar,,
160,tt0253194,2013-01-02,2013-01-02,,Kunwara,https://www.imdb.com/title/tt0253194/,movie,5.1,134,2000,"Comedy, Drama, Romance",822,2000-07-14,David Dhawan,,
161,tt1821480,2013-07-06,2013-07-06,,Kahaani,https://www.imdb.com/title/tt1821480/,movie,8.1,122,2012,"Mystery, Thriller",57052,2012-03-08,Sujoy Ghosh,,
162,tt2112124,2013-08-09,2013-08-09,,Chennai Express,https://www.imdb.com/title/tt2112124/,movie,6.0,141,2013,"Action, Comedy",48267,2013-08-08,Rohit Shetty,10,2013-08-23
163,tt2905838,2014-10-05,2014-10-05,,Bang Bang,https://www.imdb.com/title/tt2905838/,movie,5.5,153,2014,"Action, Adventure, Comedy, Thriller",21609,2014-09-26,Siddharth Anand,,
164,tt2461132,2014-10-29,2014-10-29,,Happy New Year,https://www.imdb.com/title/tt2461132/,movie,5.0,180,2014,"Action, Comedy, Music",33629,2014-10-23,Farah Khan,,
165,tt2556308,2014-11-16,2014-11-16,,Holiday,https://www.imdb.com/title/tt2556308/,movie,7.2,160,2014,"Action, Thriller",25184,2014-06-05,A.R. Murugadoss,,
166,tt2338151,2015-02-10,2015-02-10,,PK,https://www.imdb.com/title/tt2338151/,movie,8.1,153,2014,"Comedy, Drama, Musical, Sci-Fi",159582,2014-12-18,Rajkumar Hirani,,
167,tt3767372,2015-07-18,2015-07-18,,Piku,https://www.imdb.com/title/tt3767372/,movie,7.6,123,2015,"Comedy, Drama",28481,2015-05-07,Shoojit Sircar,,
168,tt3863552,2015-07-24,2015-07-24,,Bajrangi Bhaijaan,https://www.imdb.com/title/tt3863552/,movie,8.0,163,2015,"Action, Adventure, Comedy, Drama",70879,2015-07-15,Kabir Khan,,
169,tt0328998,2015-07-25,2015-07-25,,Dil Hai Tumhaara,https://www.imdb.com/title/tt0328998/,movie,5.3,185,2002,"Drama, Romance",1629,2002-09-06,Kundan Shah,,
170,tt2631186,2015-08-19,2015-08-19,,Bãhubali: The Beginning,https://www.imdb.com/title/tt2631186/,movie,8.1,159,2015,"Action, Drama",101294,2015-07-09,S.S. Rajamouli,,
171,tt4110568,2015-08-29,2015-08-29,,Dil Dhadakne Do,https://www.imdb.com/title/tt4110568/,movie,6.9,170,2015,"Comedy, Drama, Romance",14605,2015-06-04,Zoya Akhtar,,
172,tt3802576,2015-10-25,2015-10-25,,Brothers,https://www.imdb.com/title/tt3802576/,movie,6.5,156,2015,"Action, Drama, Sport",11552,2015-08-13,Karan Malhotra,,
173,tt4535650,2016-01-01,2016-01-01,,Dilwale,https://www.imdb.com/title/tt4535650/,movie,5.2,158,2015,"Action, Comedy, Drama, Romance",31042,2015-12-17,Rohit Shetty,,
174,tt3495026,2016-04-16,2016-04-16,,Fan,https://www.imdb.com/title/tt3495026/,movie,7.0,138,2016,"Action, Drama, Thriller",41777,2016-04-14,Maneesh Sharma,10,2016-04-16
175,tt4832640,2016-07-07,2016-07-07,,Sultan,https://www.imdb.com/title/tt4832640/,movie,7.0,170,2016,"Action, Drama, Sport",37069,2016-07-05,Ali Abbas Zafar,,
176,tt0330843,2016-08-31,2016-08-31,,Saathiya,https://www.imdb.com/title/tt0330843/,movie,6.8,138,2002,"Drama, Family, Romance",6552,2002-12-20,Shaad Ali,,
177,tt0385351,2016-08-31,2016-08-31,,Yeh Lamhe Judaai Ke,https://www.imdb.com/title/tt0385351/,movie,3.8,135,2004,"Drama, Mystery, Romance, Thriller",1579,2004-04-09,Birendra Nath Tiwari,,
178,tt0438981,2016-08-31,2016-08-31,,Silsiilay,https://www.imdb.com/title/tt0438981/,movie,4.0,134,2005,Drama,686,2005-06-17,Khalid Mohamed,,
179,tt3405236,2017-01-27,2017-01-27,,Raees,https://www.imdb.com/title/tt3405236/,movie,6.8,143,2017,"Action, Crime, Drama",39715,2017-01-25,Rahul Dholakia,10,2017-01-28
180,tt5982852,2017-04-22,2017-04-22,,Jolly LLB 2,https://www.imdb.com/title/tt5982852/,movie,7.2,137,2017,"Comedy, Drama",21813,2017-02-09,Subhash Kapoor,,
181,tt5460276,2017-04-24,2017-04-24,,Kaabil,https://www.imdb.com/title/tt5460276/,movie,7.1,139,2017,"Action, Crime, Drama, Thriller",23931,2017-01-25,Sanjay Gupta,,
182,tt0457875,2017-07-02,2017-07-02,,Ek Ajnabee,https://www.imdb.com/title/tt0457875/,movie,5.2,142,2005,"Action, Drama, Thriller",1559,2005-12-09,Apoorva Lakhia,,
183,tt0136153,2017-07-02,2017-07-02,,English Babu Desi Mem,https://www.imdb.com/title/tt0136153/,movie,4.7,170,1996,"Comedy, Drama, Musical, Romance",2117,1996-01-26,Praveen Nischol,,
184,tt5456546,2017-10-07,2017-10-07,,Judwaa 2,https://www.imdb.com/title/tt5456546/,movie,3.8,145,2017,"Action, Comedy",8278,2017-09-29,David Dhawan,,
185,tt6692354,2017-12-26,2017-12-26,,Ittefaq,https://www.imdb.com/title/tt6692354/,movie,7.2,105,2017,"Mystery, Thriller",10057,2017-11-02,Abhay Chopra,,
186,tt6108090,2018-03-03,2018-03-03,,Secret Superstar,https://www.imdb.com/title/tt6108090/,movie,7.9,150,2017,"Drama, Music",20204,2017-10-18,Advait Chandan,,
187,tt0444767,2018-10-28,2018-10-28,,A Sublime Love Story: Barsaat,https://www.imdb.com/title/tt0444767/,movie,3.8,143,2005,"Drama, Romance",600,2005-08-17,Suneel Darshan,,
188,tt0444767,2018-10-28,2018-10-28,,A Sublime Love Story: Barsaat,https://www.imdb.com/title/tt0444767/,movie,3.8,143,2005,"Drama, Romance",600,2005-08-17,Suneel Darshan,,
189,tt6173990,2018-11-20,2018-11-20,,Gold,https://www.imdb.com/title/tt6173990/,movie,7.3,151,2018,"Drama, History, Sport",11217,2018-08-15,Reema Kagti,,
190,tt6527426,2018-12-25,2018-12-25,,Zero,https://www.imdb.com/title/tt6527426/,movie,5.4,164,2018,"Comedy, Drama, Romance",23178,2018-12-21,Aanand L. Rai,10,2019-01-03
191,tt8130968,2019-07-16,2019-07-16,,Badla,https://www.imdb.com/title/tt8130968/,movie,7.8,118,2019,"Crime, Drama, Mystery, Thriller",21558,2019-03-08,Sujoy Ghosh,,
192,tt0489560,2019-10-12,2019-10-12,,Shaadi Se Pehle,https://www.imdb.com/title/tt0489560/,movie,4.0,122,2006,"Comedy, Musical, Romance",723,2006-04-07,Satish Kaushik,,
193,tt0457940,2019-10-12,2019-10-12,,Home Delivery: Aapko... Ghar Tak,https://www.imdb.com/title/tt0457940/,movie,3.1,151,2005,"Comedy, Romance",584,2005-12-02,Sujoy Ghosh,,
194,tt7430722,2019-12-01,2019-12-01,,War,https://www.imdb.com/title/tt7430722/,movie,6.5,154,2019,"Action, Thriller",18645,2019-10-02,Siddharth Anand,,
195,tt0173102,2019-12-27,2019-12-27,,Raju Ban Gaya Gentleman,https://www.imdb.com/title/tt0173102/,movie,6.8,152,1992,"Musical, Comedy, Romance",7123,1992-11-13,Aziz Mirza,,
196,tt8504014,2020-03-08,2020-03-08,,Good Newwz,https://www.imdb.com/title/tt8504014/,movie,7.0,134,2019,Comedy,13686,2019-12-27,Raj Mehta,,
197,tt9248952,2020-03-29,2020-03-29,,Jawaani Jaaneman,https://www.imdb.com/title/tt9248952/,movie,6.7,119,2020,Comedy,5630,2020-01-31,Nitin Kakkar,,
